Name,Age,Position,Club,Appearances,Goals,Assists
Player,Unknown,Unknown,Unknown,0,0,0
Player,Unknown,Unknown,Unknown,0,0,0
Player,Unknown,Unknown,Unknown,0,0,0
Player,Unknown,Unknown,Unknown,0,0,0
Player,Unknown,Unknown,Unknown,0,0,0
Player,Unknown,Unknown,Unknown,0,0,0
Player,Unknown,Unknown,Unknown,0,0,0
Player,Unknown,Unknown,Unknown,0,0,0
Player,Unknown,Unknown,Unknown,0,0,0
Player,Unknown,Unknown,Unknown,0,0,0
Player,Unknown,Unknown,Unknown,0,0,0
Player,Unknown,Unknown,Unknown,0,0,0
Player,Unknown,Unknown,Unknown,0,0,0
Player,Unknown,Unknown,Unknown,0,0,0
Player,Unknown,Unknown,Unknown,0,0,0
Player,Unknown,Unknown,Unknown,0,0,0
Player,Unknown,Unknown,Unknown,0,0,0
Player,Unknown,Unknown,Unknown,0,0,0
Player,Unknown,Unknown,Unknown,0,0,0
Player,Unknown,Unknown,Unknown,0,0,0
Player,Unknown,Unknown,Unknown,0,0,0
Player,Unknown,Unknown,Unknown,0,0,0
Player,Unknown,Unknown,Unknown,0,0,0
